{"cameraMode":{"drawMode":0,"name":"Shaded","section":"Shading Mode"},"sceneLighting":false,"audioPlay":false,"sceneViewState":{"showFog":true,"showMaterialUpdate":false,"showSkybox":false,"showFlares":true,"showImageEffects":true,"showParticleSystems":true},"in2DMode":false,"pivot":{"x":4.403267860412598,"y":5.935468673706055,"z":75.14460754394531},"rotation":{"x":0.04356303811073303,"y":-0.954052209854126,"z":0.17551685869693757,"w":0.23958612978458405},"size":6.5263214111328129,"orthographic":false}